{
    "settings": [
        {
            "blockBootHandleRear": {
                "id": "39dc76fa-775c-43f7-8b01-cf6645859b0f",
                "uri": "/CentralLocking/switchControls/39dc76fa-775c-43f7-8b01-cf6645859b0f",
                "name": "blockBootHandleRear"
            },
            "doorOpeningMode": {
                "id": "09f23ad5-c3d7-4f8d-b415-ac42b09a7831",
                "uri": "/CentralLocking/switchControls/09f23ad5-c3d7-4f8d-b415-ac42b09a7831",
                "name": "doorOpeningMode"
            },
            "keylessEntry": {
                "id": "8d4d49db-a2d4-46e7-ae83-95505bb9285e",
                "uri": "/CentralLocking/switchControls/8d4d49db-a2d4-46e7-ae83-95505bb9285e",
                "name": "keylessEntry"
            },
            "velocityThresholdAutoLocking": {
                "id": "45bb32b8-fca6-4f93-a710-3e20b1c6f414",
                "uri": "/CentralLocking/switchControls/45bb32b8-fca6-4f93-a710-3e20b1c6f414",
                "name": "velocityThresholdAutoLocking"
            },
            "lockingConfirmation": {
                "id": "26f42960-cf01-42a2-a29b-941e85378fad",
                "uri": "/CentralLocking/switchControls/26f42960-cf01-42a2-a29b-941e85378fad",
                "name": "lockingConfirmation"
            },
            "elementId": "firstElement",
            "name": "settings",
            "id": "8f834d53-902f-4595-98f0-8a7c2ebf2daa",
            "uri": "/CentralLocking/settings/8f834d53-902f-4595-98f0-8a7c2ebf2daa"
        }
    ],
	"switchControls": [
        {
            "switchValueConfiguration": [
                "driverDoor",
                "allDoors"
            ],
            "object": "doorOpeningMode",
            "switchValue": "driverDoor",
            "name": "doorOpeningMode",
            "id": "09f23ad5-c3d7-4f8d-b415-ac42b09a7831",
            "uri": "/CentralLocking/switchControls/09f23ad5-c3d7-4f8d-b415-ac42b09a7831"
        },
        {
            "switchValueConfiguration": [
                "enabled",
                "disabled"
            ],
            "object": "lockingConfirmation",
            "switchValue": "enabled",
            "name": "lockingConfirmation",
            "id": "26f42960-cf01-42a2-a29b-941e85378fad",
            "uri": "/CentralLocking/switchControls/26f42960-cf01-42a2-a29b-941e85378fad"
        },
        {
            "switchValueConfiguration": [
                "disabled",
                "enabled"
            ],
            "object": "blockBootHandleRear",
            "switchValue": "enabled",
            "name": "blockBootHandleRear",
            "id": "39dc76fa-775c-43f7-8b01-cf6645859b0f",
            "uri": "/CentralLocking/switchControls/39dc76fa-775c-43f7-8b01-cf6645859b0f"
        },
        {
            "switchValueConfiguration": [
                "disabled",
                "enabled"
            ],
            "object": "velocityThresholdAutoLocking",
            "switchValue": "enabled",
            "name": "velocityThresholdAutoLocking",
            "id": "45bb32b8-fca6-4f93-a710-3e20b1c6f414",
            "uri": "/CentralLocking/switchControls/45bb32b8-fca6-4f93-a710-3e20b1c6f414"
        },
        {
            "switchValueConfiguration": [
                "disabled",
                "enabled"
            ],
            "object": "keylessEntry",
            "switchValue": "enabled",
            "name": "keylessEntry",
            "id": "8d4d49db-a2d4-46e7-ae83-95505bb9285e",
            "uri": "/CentralLocking/switchControls/8d4d49db-a2d4-46e7-ae83-95505bb9285e"
        }
    ],
}