{
	"exteriorLightSettings": [
		{
			"name": "exteriorLightSettings",
			"exteriorLightSettingKey": "exteriorLightSetting",
			"comingLeavingHomeLight": {
				"id": "1f81a218-5ba9-472b-af2e-3ee7de1e0da6",
				"uri": "/ExteriorLightingUI/switchControls/1f81a218-5ba9-472b-af2e-3ee7de1e0da6",
				"name": "comingLeavingHomeLight"
			},
			"dayTimeRunningLight": {
				"id": "9707a7fb-3410-4911-80be-15de4512525b",
				"uri": "/ExteriorLightingUI/switchControls/9707a7fb-3410-4911-80be-15de4512525b",
				"name": "dayTimeRunningLight"
			},
			"headLightAssistant": {
				"id": "031e6234-4260-4252-9f82-030397ec7314",
				"uri": "/ExteriorLightingUI/switchControls/031e6234-4260-4252-9f82-030397ec7314",
				"name": "headLightAssistant"
			},
			"communicationLight": {
				"id": "11b223af-7cdd-4f0e-8b2c-6892343fd636",
				"uri": "/ExteriorLightingUI/switchControls/11b223af-7cdd-4f0e-8b2c-6892343fd636",
				"name": "communicationLight"
			},
			"lightSensitivity": {
				"id": "4e1dd217-d374-4306-843b-46286a5c1d15",
				"uri": "/ExteriorLightingUI/switchControls/4e1dd217-d374-4306-843b-46286a5c1d15",
				"name": "lightSensitivity"
			},
			"id": "f3b736b1-df02-4532-a000-561b21b49cdb",
			"uri": "/ExteriorLightingUI/exteriorLightSettings/f3b736b1-df02-4532-a000-561b21b49cdb"
		}
	],
	"switchControls": [
		{
			"switchValueConfiguration": [
				"on",
				"off"
			],
			"switchControlKey": "headLightAssistant",
			"name": "headLightAssistant",
			"switchValue": "on",
			"id": "031e6234-4260-4252-9f82-030397ec7314",
			"uri": "/ExteriorLightingUI/switchControls/031e6234-4260-4252-9f82-030397ec7314"
		},
		{
			"switchValueConfiguration": [
				"off",
				"on"
			],
			"switchControlKey": "communicationLight",
			"name": "communicationLight",
			"switchValue": "on",
			"id": "11b223af-7cdd-4f0e-8b2c-6892343fd636",
			"uri": "/ExteriorLightingUI/switchControls/11b223af-7cdd-4f0e-8b2c-6892343fd636"
		},
		{
			"switchValueConfiguration": [
				"off",
				"on"
			],
			"switchControlKey": "comingLeavingHomeLight",
			"name": "comingLeavingHomeLight",
			"switchValue": "on",
			"id": "1f81a218-5ba9-472b-af2e-3ee7de1e0da6",
			"uri": "/ExteriorLightingUI/switchControls/1f81a218-5ba9-472b-af2e-3ee7de1e0da6"
		},
		{
			"switchValueConfiguration": [
				"late",
				"normal",
				"early"
			],
			"switchControlKey": "lightSensitivity",
			"name": "lightSensitivity",
			"switchValue": "normal",
			"id": "4e1dd217-d374-4306-843b-46286a5c1d15",
			"uri": "/ExteriorLightingUI/switchControls/4e1dd217-d374-4306-843b-46286a5c1d15"
		},
		{
			"switchValueConfiguration": [
				"on",
				"off"
			],
			"switchControlKey": "dayTimeRunningLight",
			"name": "dayTimeRunningLight",
			"switchValue": "on",
			"id": "9707a7fb-3410-4911-80be-15de4512525b",
			"uri": "/ExteriorLightingUI/switchControls/9707a7fb-3410-4911-80be-15de4512525b"
		}
	]
}