{
    "units": [
        {
            "dateFormatConfiguration": [],
            "distanceUnitConfiguration": [
                "km",
                "miles"
            ],
            "pressureUnitConfiguration": [
                "bar",
                "psi"
            ],
            "speedUnitConfiguration": [
                "kmPerHour",
                "milesPerHour"
            ],
            "temperatureUnitConfiguration": [
                "C",
                "F"
            ],
            "timeFormatConfiguration": [],
            "volumeUnitConfiguration": [
                "liter",
                "gallonUSA"
            ],
            "consumptionUnitConfiguration": [
                "literPer100km",
                "kmPerLiter",
                "milesPerGallonUSA"
            ],
            "consumptionUnitElectrConfiguration": [
                "kWhPer100Km",
                "kmPerKWh",
                "kwhPer100Miles",
                "milesPerKWh"
            ],
            "consumptionUnitGasConfiguration": [],
            "massUnitConfiguration": [],
            "speedUnit": "kmPerHour",
            "distanceUnit": "km",
            "temperatureUnit": "C",
            "pressureUnit": "bar",
            "consumptionUnitElectr": "kWhPer100Km",
            "consumptionUnit": "literPer100km",
            "volumeUnit": "liter",
            "name": "unitmaster",
            "id": "9e4b0119-eedc-49c4-9e32-41a80af57171",
            "uri": "/UnitMaster/units/9e4b0119-eedc-49c4-9e32-41a80af57171",
            "elementId": 0
        }
    ]
}