{
    "wiperSettings": [
        {
            "wiperSettingsKey": "wiperSetting",
            "name": "wiperSettings",
            "rainSensorCtrl": {
                "id": "4742b287-f419-48bd-97a5-5dc60d251933",
                "uri": "/WiperUI/switchControls/4742b287-f419-48bd-97a5-5dc60d251933",
                "name": "rainSensorCtrl"
            },
            "servicePosition": {
                "id": "fc528e86-5d20-43ad-a6df-7442ca0b5b74",
                "uri": "/WiperUI/switchControls/fc528e86-5d20-43ad-a6df-7442ca0b5b74",
                "name": "servicePosition"
            },
            "id": "fc9f5666-0ca4-4fd9-92cb-480cad908191",
            "uri": "/WiperUI/wiperSettings/fc9f5666-0ca4-4fd9-92cb-480cad908191"
        }
    ],
    "switchControls": [
        {
            "switchValueConfiguration": [
                "on",
                "off"
            ],
            "switchControlKey": "rainSensorCtrl",
            "switchValue": "on",
            "name": "rainSensorCtrl",
            "id": "4742b287-f419-48bd-97a5-5dc60d251933",
            "uri": "/WiperUI/switchControls/4742b287-f419-48bd-97a5-5dc60d251933"
        },
        {
            "switchValueConfiguration": [
                "on",
                "off"
            ],
            "switchControlKey": "servicePosition",
            "name": "servicePosition",
            "switchValue": "on",
            "id": "fc528e86-5d20-43ad-a6df-7442ca0b5b74",
            "uri": "/WiperUI/switchControls/fc528e86-5d20-43ad-a6df-7442ca0b5b74"
        }
    ]
}